gene,lead_snp,gwas_p_lead,gwas_z_lead,pip_lead,coloc_pp4,log2_aFC,crispr_log2FC,crispr_p,gwas_neglog10p_lead,crispr_neglog10p,label_causal_gene
GENE01,rsSIM02858,0.6962774584394229,0.3903504014015198,3.03573498261883e-225,0.06666466057650243,-0.16700737680170988,0.03293733671307564,0.6976727976313266,0.15721766461737952,0.15634820989876685,0
GENE02,rsSIM00101,0.16597640954492265,-1.3852487802505493,3.066334002172467e-225,0.06666534685733334,0.10339619967717098,0.05728653818368912,0.6536360790040672,0.779953634444967,0.1846639838931295,0
GENE03,rsSIM03742,1.2753576553176742e-39,13.171791076660156,5.13084974725405e-188,0.06262046944940433,-0.40985874222183105,-1.0597083568572998,0.02059545127436236,38.894368006642445,1.6862286876202501,1
GENE04,rsSIM02082,0.5471517617690795,0.6020336151123047,4.2083334926772816e-225,0.06666481163397946,-0.15325795230293787,0.29138150811195374,0.30395386648338385,0.26189219805870434,0.5171923277468283,0
GENE05,rsSIM03843,1.1980841144273497e-06,-4.855954170227051,3.2648168735335965e-220,0.06666525617753968,0.0864125641735802,0.18944939970970154,0.43789218713689526,5.92151269016936,0.3586328034116738,0
GENE06,rsSIM01831,0.6435778092196097,0.4627022445201874,1.603098287281973e-225,0.06666526849421839,-0.11328677003517611,-0.13202795386314392,0.9842447634712079,0.19139893893537596,0.006896887131188243,0
GENE07,rsSIM02404,2.2886161933715467e-12,7.015662670135498,6.32084125592847e-215,3.992598717133476e-38,1.2479428237340342,-0.10539709776639938,0.9631896736706035,11.640427033483967,0.016288182120215714,1
GENE08,rsSIM00141,0.6680985259669063,0.4287591278553009,3.8811157270618337e-225,0.06666383707731752,-0.16559264995999448,0.29306739568710327,0.30199564196525464,0.17515948643391338,0.5199993242087373,0
GENE09,rsSIM01050,0.13100063369901488,1.5101677179336548,3.536333054700084e-225,0.06666503503426319,0.13324802245963258,-0.10831195116043091,0.9689395074139393,0.8827266034944671,0.013703335866051986,0
GENE10,rsSIM03693,1.5553582067659095e-27,10.872695922851562,6.064711026935805e-200,0.06666175585507236,0.1986454885715659,-0.05865548178553581,0.8714517144328833,26.808169574928794,0.05975667136099074,1
GENE11,rsSIM03510,1.3948877320011352e-12,-7.084558010101318,8.950304468990951e-215,0.06666503254035819,0.13369685351531496,-0.8721858859062195,0.06412788001776401,11.855460745318323,1.1929531170421428,1
GENE12,rsSIM02074,0.7850495053815741,-0.27274465560913086,1.9231798999688995e-225,0.06666334299482389,-0.16263879080666804,0.0765717402100563,0.619585107380531,0.10510295569279403,0.20789902968007998,0
GENE13,rsSIM00192,0.061020181444676413,1.8733491897583008,1.2687273238547902e-224,0.06666410875703427,-0.20250685248630365,-0.24942918121814728,0.756363021646118,1.2145265053087448,0.12126971183070795,0
GENE14,rsSIM03014,0.02579602597236638,2.229268789291382,1.3348675320777586e-224,0.0666599513810995,0.34967123992257637,-0.14705626666545868,0.9545965452996467,1.5884471944711773,0.020180141685692495,0
GENE15,rsSIM00781,2.607213706425663e-62,-16.658912658691406,1.5639479032378519e-165,0.06664896291080576,0.3663943762925432,-0.2504879832267761,0.7543715993686972,61.583823369400314,0.1224146703100103,1
GENE16,rsSIM03811,2.1661108981605563e-17,-8.484519958496094,7.226487596978885e-210,0.000197551944145199,-1.1314643818205075,0.3926774263381958,0.2010199403071975,16.664319312610846,0.6967608603115828,1
GENE17,rsSIM03221,4.4815858470282934e-15,7.840667247772217,2.3421656332423774e-212,0.013611459558904387,-0.6746729757433176,0.004663311876356602,0.7501064991299398,14.348568280032293,0.12487707167375715,1
GENE18,rsSIM02609,4.97508679568015e-18,8.65394115447998,1.8084724333769055e-209,0.06666495260999604,-0.13370840381909643,-1.3666859865188599,0.0021054173122889777,17.303199338123054,2.6766618102977584,1
GENE19,rsSIM02531,0.04838757446831391,1.9739487171173096,8.698639735504974e-225,0.066665143489717,0.1155377217877873,-0.026104804128408432,0.8084993934285782,1.3152661472947313,0.09232030158407377,0
GENE20,rsSIM02529,0.4461871065089906,0.7617870569229126,1.5522700555818846e-225,0.06666568075332051,-0.029166370163230156,-0.029749706387519836,0.8154951131059962,0.35048298370010267,0.08857863714664668,0
GENE21,rsSIM02951,0.13232147287886037,-1.5050101280212402,3.6142263774028376e-225,0.06666569995956004,0.025062506539196294,-0.3456001877784729,0.5835283433284236,0.8783696736046974,0.2339380444135015,0
GENE22,rsSIM01626,0.2048280050316501,-1.2679158449172974,2.3323459369513397e-225,0.06666534451655758,0.1064117943249483,0.1116267740726471,0.5597700000320929,0.6886106648875087,0.25199038055660594,0
GENE23,rsSIM01304,0.8150523668112397,0.23391319811344147,9.899617246761851e-226,0.06666526795960971,0.027167608401457773,0.12681347131729126,0.5347555293200206,0.08881448710476168,0.2718447161706304,0
GENE24,rsSIM02265,0.002280641854909828,3.0510215759277344,1.3512544726389633e-223,0.06666541322118355,-0.06625478784401775,0.0033133875112980604,0.7526413010234896,2.641942909659144,0.12341195354943862,0
GENE25,rsSIM01528,0.39451742664191924,0.8514536023139954,1.5767811336962032e-225,0.06666536913688277,0.07649747518673126,0.07042190432548523,0.630359782855967,0.4039338083550231,0.20041150275341588,0
